<?xml version="1.0" encoding="UTF-8"?>
<!DOCTYPE mapper
  PUBLIC "-//mybatis.org//DTD Mapper 3.0//EN"
  "http://mybatis.org/dtd/mybatis-3-mapper.dtd">
<mapper namespace="exchange.dao.ExchangeDAO">


	<!-- 모든 통화에대한 환율정보 조회 -->	
	<select id="selectAll"  resultType="currencyVO"  >
		select currency,cashbuyrate,cashbuyspread,cashsellrate,
			cashsellspread,remittance,receive,tcbuy,fcsell,basicrate,
			conversion,usdrate,regdate,commission,commission2
		from s_currencyrate
	</select>
	
	
	<!-- 통화 기준으로 환율정보 조회 -->
	<select id="getRateCommission"  resultType="currencyVO" parameterType="string"  >
		select currency,cashbuyrate,cashbuyspread,cashsellrate,
			cashsellspread,remittance,receive,tcbuy,fcsell,basicrate,
			conversion,usdrate,regdate,commission,commission2
		from s_currencyrate where currency = #{currency}
	</select>
	
	
	<!-- 환전하기 기능 -->
	<insert id="doExchange" parameterType="exchangeVO">
		insert into S_EXCHANGE(exchangeNo,id,currencycode,exchangeprice,exchangerate,exchangecharge,name,exchange_date,exchange_place,account_num)  
		values(seq_S_EXCHANGE_no.nextval,#{id},#{currencycode},#{exchangeprice},#{exchangerate},#{exchangecharge},
				#{name},#{exchange_date},#{exchange_place},#{account_num} )
	</insert>
  
  <!-- 환전예약하기 기능 -->
  <insert id="doReserve" parameterType="reserveVO">
    insert into S_RESERVATION(reserveno,id,account_num,currencycode,exchangeprice,exchangerate,exchangecharge,max_date) 
      values(seq_S_RESERVATION_no.nextval,#{id},#{account_num},#{currencycode},#{exchangeprice},#{exchangerate},#{exchangecharge},#{max_date} )
  </insert>
  <insert id="doReserve2" parameterType="reserveVO">
    insert into S_RESERVATION(reserveno,id,account_num,currencycode,exchangeprice,exchangerate,exchangecharge) 
      values(seq_S_RESERVATION_no.nextval,#{id},#{account_num},#{currencycode},#{exchangeprice},#{exchangerate},#{exchangecharge})
  </insert>
  
  <!-- 비회원 환전하기 기능 -->
  <insert id="doKakaoExchange" parameterType="exchangeVO">
    insert into S_EXCHANGE(exchangeNo,id,currencycode,exchangeprice,exchangerate,exchangecharge,name,exchange_date,exchange_place,account_num)  
    values(seq_S_EXCHANGE_no.nextval,#{id},#{currencycode},#{exchangeprice},#{exchangerate},#{exchangecharge},
        #{name},#{exchange_date},#{exchange_place},#{account_num} )
  </insert>
  
  <!-- 환전내역조회 -->
  <select id="selectExchange" parameterType="string" resultType="exchangeVO">
    select * from S_EXCHANGE where id = #{id}
  </select>
  
  <!-- 환전예약내역조회 -->
  <select id="selectReserve" parameterType="string" resultType="reserveVO">
    select * from S_RESERVATION where id = #{id}
  </select>
  
  <select id="selectCurrency" parameterType="string" resultType="curlistVO" >
    select * from S_CURLIST where account_num = #{account_num}
  </select>
  
  
</mapper>