<?xml version="1.0" encoding="UTF-8"?>
<!DOCTYPE mapper
  PUBLIC "-//mybatis.org//DTD Mapper 3.0//EN"
  "http://mybatis.org/dtd/mybatis-3-mapper.dtd">
<mapper namespace="reply.dao.ReplyDAO">
	<insert id="insert" parameterType="replyVO" >
		insert into t_reply(no,BOARD_NO,CONTENT,WRITER)
			values(seq_t_reply_no.nextval, #{boardNo},#{content},#{writer})
	</insert>
	
	<select id="selectAll" parameterType="int"  resultType="replyVO"  >
		select no, board_no as boardNo, content, writer, to_char(reg_date,'yyyy-mm-dd') as regDate
		from t_reply 
		where board_no = #{board_no} 
		order by no desc
	</select>
	
	<!-- 댓글번호에 해당 댓글 삭제 -->
	<delete id="delete" parameterType="int">
		delete t_reply
		 where no = #{no}
	</delete>
	
	<select id="selectBoardNo" parameterType="int" resultType="int">
		select board_no
		  from t_reply
		 where no = #{no}
	</select>
</mapper>