<?xml version="1.0" encoding="UTF-8"?>

<!DOCTYPE configuration
  PUBLIC "-//mybatis.org//DTD Config 3.0//EN"
  "http://mybatis.org/dtd/mybatis-3-config.dtd">
<configuration>
	<typeAliases>
		<typeAlias type="kr.ac.kopo.board.vo.BoardVO" alias="boardVO"/>
		<typeAlias type="kr.ac.kopo.board.vo.BoardFileVO" alias="boardFileVO"/>
		<typeAlias type="kr.ac.kopo.member.vo.MemberVO" alias="memberVO"/>
		<typeAlias type="kr.ac.kopo.reply.vo.ReplyVO" alias="replyVO"/>
		<typeAlias type="kr.ac.kopo.account.vo.AccountVO" alias="accountVO"/>
		<typeAlias type="kr.ac.kopo.exchange.vo.CurrencyVO" alias="currencyVO"/>
		<typeAlias type="kr.ac.kopo.exchange.vo.ExchangeVO" alias="exchangeVO"/>
		<typeAlias type="kr.ac.kopo.exchange.vo.ReserveVO" alias="reserveVO"/>
		<typeAlias type="kr.ac.kopo.exchange.vo.CurlistVO" alias="curlistVO"/>
		<typeAlias type="kr.ac.kopo.exchange.vo.PresentVO" alias="presentVO"/>
		<typeAlias type="kr.ac.kopo.exchange.vo.RevExchangeVO" alias="revExchangeVO"/>
	</typeAliases>
</configuration>